{
  "samples": 156,
  "positives": 82,
  "negatives": 74,
  "train": {
    "loss": 0.13874833285808563,
    "acc": 0.9520000219345093,
    "auc": 0.9940934777259827
  },
  "val": {
    "loss": 0.1440805047750473,
    "acc": 0.9032257795333862,
    "auc": 0.9916666150093079
  }
}